[{"model": "admin.logentry", "pk": 1, "fields": {"action_time": "2022-02-02T11:08:59.681Z", "user": 2, "content_type": 6, "object_id": "1", "object_repr": "Jeans", "action_flag": 1, "change_message": "[{\"added\": {}}]"}}, {"model": "admin.logentry", "pk": 2, "fields": {"action_time": "2022-02-02T11:09:36.951Z", "user": 2, "content_type": 6, "object_id": "2", "object_repr": "Shirts", "action_flag": 1, "change_message": "[{\"added\": {}}]"}}, {"model": "admin.logentry", "pk": 3, "fields": {"action_time": "2022-02-02T11:10:53.741Z", "user": 2, "content_type": 6, "object_id": "2", "object_repr": "Shirts", "action_flag": 2, "change_message": "[{\"changed\": {\"fields\": [\"Description\"]}}]"}}, {"model": "admin.logentry", "pk": 4, "fields": {"action_time": "2022-02-02T11:11:33.271Z", "user": 2, "content_type": 6, "object_id": "3", "object_repr": "T-shirts", "action_flag": 1, "change_message": "[{\"added\": {}}]"}}, {"model": "admin.logentry", "pk": 5, "fields": {"action_time": "2022-02-02T11:12:37.176Z", "user": 2, "content_type": 6, "object_id": "4", "object_repr": "Jackets", "action_flag": 1, "change_message": "[{\"added\": {}}]"}}, {"model": "admin.logentry", "pk": 6, "fields": {"action_time": "2022-02-02T11:12:58.576Z", "user": 2, "content_type": 6, "object_id": "5", "object_repr": "Shoes", "action_flag": 1, "change_message": "[{\"added\": {}}]"}}, {"model": "admin.logentry", "pk": 7, "fields": {"action_time": "2022-02-02T11:14:53.051Z", "user": 2, "content_type": 9, "object_id": "1", "object_repr": "ATX-Jeans", "action_flag": 1, "change_message": "[{\"added\": {}}, {\"added\": {\"name\": \"productgallery\", \"object\": \"ATX-Jeans\"}}, {\"added\": {\"name\": \"productgallery\", \"object\": \"ATX-Jeans\"}}, {\"added\": {\"name\": \"productgallery\", \"object\": \"ATX-Jeans\"}}]"}}, {"model": "admin.logentry", "pk": 8, "fields": {"action_time": "2022-02-02T11:16:12.483Z", "user": 2, "content_type": 9, "object_id": "2", "object_repr": "Blue Shirt", "action_flag": 1, "change_message": "[{\"added\": {}}]"}}, {"model": "admin.logentry", "pk": 9, "fields": {"action_time": "2022-02-02T11:17:07.534Z", "user": 2, "content_type": 9, "object_id": "3", "object_repr": "Great T-shirt", "action_flag": 1, "change_message": "[{\"added\": {}}]"}}, {"model": "admin.logentry", "pk": 10, "fields": {"action_time": "2022-02-02T11:19:06.710Z", "user": 2, "content_type": 9, "object_id": "4", "object_repr": "Jordan Basketball Shoes", "action_flag": 1, "change_message": "[{\"added\": {}}]"}}, {"model": "admin.logentry", "pk": 11, "fields": {"action_time": "2022-02-02T11:20:14.340Z", "user": 2, "content_type": 9, "object_id": "5", "object_repr": "Mavi Jeans", "action_flag": 1, "change_message": "[{\"added\": {}}]"}}, {"model": "admin.logentry", "pk": 12, "fields": {"action_time": "2022-02-02T11:21:24.143Z", "user": 2, "content_type": 9, "object_id": "6", "object_repr": "Puma Ferrari Shoes", "action_flag": 1, "change_message": "[{\"added\": {}}]"}}, {"model": "admin.logentry", "pk": 13, "fields": {"action_time": "2022-02-02T11:23:01.126Z", "user": 2, "content_type": 9, "object_id": "7", "object_repr": "US Polo Jacket", "action_flag": 1, "change_message": "[{\"added\": {}}]"}}, {"model": "admin.logentry", "pk": 14, "fields": {"action_time": "2022-02-02T11:24:03.482Z", "user": 2, "content_type": 9, "object_id": "8", "object_repr": "Wrangler Shirt", "action_flag": 1, "change_message": "[{\"added\": {}}]"}}, {"model": "admin.logentry", "pk": 15, "fields": {"action_time": "2022-02-02T11:26:05.927Z", "user": 2, "content_type": 10, "object_id": "1", "object_repr": "Blue", "action_flag": 1, "change_message": "[{\"added\": {}}]"}}, {"model": "admin.logentry", "pk": 16, "fields": {"action_time": "2022-02-02T11:26:11.671Z", "user": 2, "content_type": 10, "object_id": "2", "object_repr": "Black", "action_flag": 1, "change_message": "[{\"added\": {}}]"}}, {"model": "admin.logentry", "pk": 17, "fields": {"action_time": "2022-02-02T11:26:31.212Z", "user": 2, "content_type": 10, "object_id": "3", "object_repr": "Dark Blue", "action_flag": 1, "change_message": "[{\"added\": {}}]"}}, {"model": "admin.logentry", "pk": 18, "fields": {"action_time": "2022-02-02T11:26:38.196Z", "user": 2, "content_type": 10, "object_id": "4", "object_repr": "Small", "action_flag": 1, "change_message": "[{\"added\": {}}]"}}, {"model": "admin.logentry", "pk": 19, "fields": {"action_time": "2022-02-02T11:26:47.164Z", "user": 2, "content_type": 10, "object_id": "5", "object_repr": "Medium", "action_flag": 1, "change_message": "[{\"added\": {}}]"}}, {"model": "admin.logentry", "pk": 20, "fields": {"action_time": "2022-02-02T11:26:53.233Z", "user": 2, "content_type": 10, "object_id": "6", "object_repr": "Large", "action_flag": 1, "change_message": "[{\"added\": {}}]"}}, {"model": "admin.logentry", "pk": 21, "fields": {"action_time": "2022-02-02T11:27:06.602Z", "user": 2, "content_type": 10, "object_id": "7", "object_repr": "Red", "action_flag": 1, "change_message": "[{\"added\": {}}]"}}, {"model": "admin.logentry", "pk": 22, "fields": {"action_time": "2022-02-02T11:27:16.789Z", "user": 2, "content_type": 10, "object_id": "8", "object_repr": "Black", "action_flag": 1, "change_message": "[{\"added\": {}}]"}}, {"model": "admin.logentry", "pk": 23, "fields": {"action_time": "2022-02-02T11:27:31.207Z", "user": 2, "content_type": 10, "object_id": "9", "object_repr": "Orange", "action_flag": 1, "change_message": "[{\"added\": {}}]"}}, {"model": "admin.logentry", "pk": 24, "fields": {"action_time": "2022-02-02T11:27:37.620Z", "user": 2, "content_type": 10, "object_id": "10", "object_repr": "Small", "action_flag": 1, "change_message": "[{\"added\": {}}]"}}, {"model": "admin.logentry", "pk": 25, "fields": {"action_time": "2022-02-02T11:27:46.412Z", "user": 2, "content_type": 10, "object_id": "11", "object_repr": "Medium", "action_flag": 1, "change_message": "[{\"added\": {}}]"}}, {"model": "admin.logentry", "pk": 26, "fields": {"action_time": "2022-02-02T11:27:52.551Z", "user": 2, "content_type": 10, "object_id": "12", "object_repr": "Large", "action_flag": 1, "change_message": "[{\"added\": {}}]"}}, {"model": "admin.logentry", "pk": 27, "fields": {"action_time": "2022-02-02T11:28:03.744Z", "user": 2, "content_type": 10, "object_id": "13", "object_repr": "Red", "action_flag": 1, "change_message": "[{\"added\": {}}]"}}, {"model": "admin.logentry", "pk": 28, "fields": {"action_time": "2022-02-02T11:28:12.961Z", "user": 2, "content_type": 10, "object_id": "14", "object_repr": "medium", "action_flag": 1, "change_message": "[{\"added\": {}}]"}}, {"model": "admin.logentry", "pk": 29, "fields": {"action_time": "2022-02-02T11:28:21.451Z", "user": 2, "content_type": 10, "object_id": "15", "object_repr": "Black", "action_flag": 1, "change_message": "[{\"added\": {}}]"}}, {"model": "admin.logentry", "pk": 30, "fields": {"action_time": "2022-02-02T11:28:34.569Z", "user": 2, "content_type": 10, "object_id": "16", "object_repr": "Medium", "action_flag": 1, "change_message": "[{\"added\": {}}]"}}, {"model": "admin.logentry", "pk": 31, "fields": {"action_time": "2022-02-02T11:28:45.606Z", "user": 2, "content_type": 10, "object_id": "17", "object_repr": "Blue", "action_flag": 1, "change_message": "[{\"added\": {}}]"}}, {"model": "admin.logentry", "pk": 32, "fields": {"action_time": "2022-02-02T11:28:54.954Z", "user": 2, "content_type": 10, "object_id": "18", "object_repr": "Large", "action_flag": 1, "change_message": "[{\"added\": {}}]"}}, {"model": "admin.logentry", "pk": 33, "fields": {"action_time": "2022-02-02T11:29:02.338Z", "user": 2, "content_type": 10, "object_id": "19", "object_repr": "Black", "action_flag": 1, "change_message": "[{\"added\": {}}]"}}, {"model": "admin.logentry", "pk": 34, "fields": {"action_time": "2022-02-02T11:29:08.804Z", "user": 2, "content_type": 10, "object_id": "20", "object_repr": "Blue", "action_flag": 1, "change_message": "[{\"added\": {}}]"}}, {"model": "admin.logentry", "pk": 35, "fields": {"action_time": "2022-02-02T11:29:15.958Z", "user": 2, "content_type": 10, "object_id": "21", "object_repr": "Small", "action_flag": 1, "change_message": "[{\"added\": {}}]"}}, {"model": "admin.logentry", "pk": 36, "fields": {"action_time": "2022-02-02T11:29:24.096Z", "user": 2, "content_type": 10, "object_id": "22", "object_repr": "Medium", "action_flag": 1, "change_message": "[{\"added\": {}}]"}}, {"model": "admin.logentry", "pk": 37, "fields": {"action_time": "2022-02-02T11:29:31.374Z", "user": 2, "content_type": 10, "object_id": "23", "object_repr": "Brown", "action_flag": 1, "change_message": "[{\"added\": {}}]"}}, {"model": "admin.logentry", "pk": 38, "fields": {"action_time": "2022-02-02T11:29:41.707Z", "user": 2, "content_type": 10, "object_id": "24", "object_repr": "Medium", "action_flag": 1, "change_message": "[{\"added\": {}}]"}}, {"model": "admin.logentry", "pk": 39, "fields": {"action_time": "2022-02-02T11:36:21.397Z", "user": 2, "content_type": 11, "object_id": "2", "object_repr": "Product Review", "action_flag": 1, "change_message": "[{\"added\": {}}]"}}, {"model": "admin.logentry", "pk": 40, "fields": {"action_time": "2022-02-02T11:37:14.600Z", "user": 2, "content_type": 11, "object_id": "3", "object_repr": "new order", "action_flag": 1, "change_message": "[{\"added\": {}}]"}}, {"model": "auth.permission", "pk": 1, "fields": {"name": "Can add log entry", "content_type": 1, "codename": "add_logentry"}}, {"model": "auth.permission", "pk": 2, "fields": {"name": "Can change log entry", "content_type": 1, "codename": "change_logentry"}}, {"model": "auth.permission", "pk": 3, "fields": {"name": "Can delete log entry", "content_type": 1, "codename": "delete_logentry"}}, {"model": "auth.permission", "pk": 4, "fields": {"name": "Can view log entry", "content_type": 1, "codename": "view_logentry"}}, {"model": "auth.permission", "pk": 5, "fields": {"name": "Can add permission", "content_type": 2, "codename": "add_permission"}}, {"model": "auth.permission", "pk": 6, "fields": {"name": "Can change permission", "content_type": 2, "codename": "change_permission"}}, {"model": "auth.permission", "pk": 7, "fields": {"name": "Can delete permission", "content_type": 2, "codename": "delete_permission"}}, {"model": "auth.permission", "pk": 8, "fields": {"name": "Can view permission", "content_type": 2, "codename": "view_permission"}}, {"model": "auth.permission", "pk": 9, "fields": {"name": "Can add group", "content_type": 3, "codename": "add_group"}}, {"model": "auth.permission", "pk": 10, "fields": {"name": "Can change group", "content_type": 3, "codename": "change_group"}}, {"model": "auth.permission", "pk": 11, "fields": {"name": "Can delete group", "content_type": 3, "codename": "delete_group"}}, {"model": "auth.permission", "pk": 12, "fields": {"name": "Can view group", "content_type": 3, "codename": "view_group"}}, {"model": "auth.permission", "pk": 13, "fields": {"name": "Can add content type", "content_type": 4, "codename": "add_contenttype"}}, {"model": "auth.permission", "pk": 14, "fields": {"name": "Can change content type", "content_type": 4, "codename": "change_contenttype"}}, {"model": "auth.permission", "pk": 15, "fields": {"name": "Can delete content type", "content_type": 4, "codename": "delete_contenttype"}}, {"model": "auth.permission", "pk": 16, "fields": {"name": "Can view content type", "content_type": 4, "codename": "view_contenttype"}}, {"model": "auth.permission", "pk": 17, "fields": {"name": "Can add session", "content_type": 5, "codename": "add_session"}}, {"model": "auth.permission", "pk": 18, "fields": {"name": "Can change session", "content_type": 5, "codename": "change_session"}}, {"model": "auth.permission", "pk": 19, "fields": {"name": "Can delete session", "content_type": 5, "codename": "delete_session"}}, {"model": "auth.permission", "pk": 20, "fields": {"name": "Can view session", "content_type": 5, "codename": "view_session"}}, {"model": "auth.permission", "pk": 21, "fields": {"name": "Can add category", "content_type": 6, "codename": "add_category"}}, {"model": "auth.permission", "pk": 22, "fields": {"name": "Can change category", "content_type": 6, "codename": "change_category"}}, {"model": "auth.permission", "pk": 23, "fields": {"name": "Can delete category", "content_type": 6, "codename": "delete_category"}}, {"model": "auth.permission", "pk": 24, "fields": {"name": "Can view category", "content_type": 6, "codename": "view_category"}}, {"model": "auth.permission", "pk": 25, "fields": {"name": "Can add account", "content_type": 7, "codename": "add_account"}}, {"model": "auth.permission", "pk": 26, "fields": {"name": "Can change account", "content_type": 7, "codename": "change_account"}}, {"model": "auth.permission", "pk": 27, "fields": {"name": "Can delete account", "content_type": 7, "codename": "delete_account"}}, {"model": "auth.permission", "pk": 28, "fields": {"name": "Can view account", "content_type": 7, "codename": "view_account"}}, {"model": "auth.permission", "pk": 29, "fields": {"name": "Can add user profile", "content_type": 8, "codename": "add_userprofile"}}, {"model": "auth.permission", "pk": 30, "fields": {"name": "Can change user profile", "content_type": 8, "codename": "change_userprofile"}}, {"model": "auth.permission", "pk": 31, "fields": {"name": "Can delete user profile", "content_type": 8, "codename": "delete_userprofile"}}, {"model": "auth.permission", "pk": 32, "fields": {"name": "Can view user profile", "content_type": 8, "codename": "view_userprofile"}}, {"model": "auth.permission", "pk": 33, "fields": {"name": "Can add product", "content_type": 9, "codename": "add_product"}}, {"model": "auth.permission", "pk": 34, "fields": {"name": "Can change product", "content_type": 9, "codename": "change_product"}}, {"model": "auth.permission", "pk": 35, "fields": {"name": "Can delete product", "content_type": 9, "codename": "delete_product"}}, {"model": "auth.permission", "pk": 36, "fields": {"name": "Can view product", "content_type": 9, "codename": "view_product"}}, {"model": "auth.permission", "pk": 37, "fields": {"name": "Can add variation", "content_type": 10, "codename": "add_variation"}}, {"model": "auth.permission", "pk": 38, "fields": {"name": "Can change variation", "content_type": 10, "codename": "change_variation"}}, {"model": "auth.permission", "pk": 39, "fields": {"name": "Can delete variation", "content_type": 10, "codename": "delete_variation"}}, {"model": "auth.permission", "pk": 40, "fields": {"name": "Can view variation", "content_type": 10, "codename": "view_variation"}}, {"model": "auth.permission", "pk": 41, "fields": {"name": "Can add review rating", "content_type": 11, "codename": "add_reviewrating"}}, {"model": "auth.permission", "pk": 42, "fields": {"name": "Can change review rating", "content_type": 11, "codename": "change_reviewrating"}}, {"model": "auth.permission", "pk": 43, "fields": {"name": "Can delete review rating", "content_type": 11, "codename": "delete_reviewrating"}}, {"model": "auth.permission", "pk": 44, "fields": {"name": "Can view review rating", "content_type": 11, "codename": "view_reviewrating"}}, {"model": "auth.permission", "pk": 45, "fields": {"name": "Can add productgallery", "content_type": 12, "codename": "add_productgallery"}}, {"model": "auth.permission", "pk": 46, "fields": {"name": "Can change productgallery", "content_type": 12, "codename": "change_productgallery"}}, {"model": "auth.permission", "pk": 47, "fields": {"name": "Can delete productgallery", "content_type": 12, "codename": "delete_productgallery"}}, {"model": "auth.permission", "pk": 48, "fields": {"name": "Can view productgallery", "content_type": 12, "codename": "view_productgallery"}}, {"model": "auth.permission", "pk": 49, "fields": {"name": "Can add cart", "content_type": 13, "codename": "add_cart"}}, {"model": "auth.permission", "pk": 50, "fields": {"name": "Can change cart", "content_type": 13, "codename": "change_cart"}}, {"model": "auth.permission", "pk": 51, "fields": {"name": "Can delete cart", "content_type": 13, "codename": "delete_cart"}}, {"model": "auth.permission", "pk": 52, "fields": {"name": "Can view cart", "content_type": 13, "codename": "view_cart"}}, {"model": "auth.permission", "pk": 53, "fields": {"name": "Can add cart item", "content_type": 14, "codename": "add_cartitem"}}, {"model": "auth.permission", "pk": 54, "fields": {"name": "Can change cart item", "content_type": 14, "codename": "change_cartitem"}}, {"model": "auth.permission", "pk": 55, "fields": {"name": "Can delete cart item", "content_type": 14, "codename": "delete_cartitem"}}, {"model": "auth.permission", "pk": 56, "fields": {"name": "Can view cart item", "content_type": 14, "codename": "view_cartitem"}}, {"model": "auth.permission", "pk": 57, "fields": {"name": "Can add order", "content_type": 15, "codename": "add_order"}}, {"model": "auth.permission", "pk": 58, "fields": {"name": "Can change order", "content_type": 15, "codename": "change_order"}}, {"model": "auth.permission", "pk": 59, "fields": {"name": "Can delete order", "content_type": 15, "codename": "delete_order"}}, {"model": "auth.permission", "pk": 60, "fields": {"name": "Can view order", "content_type": 15, "codename": "view_order"}}, {"model": "auth.permission", "pk": 61, "fields": {"name": "Can add payment", "content_type": 16, "codename": "add_payment"}}, {"model": "auth.permission", "pk": 62, "fields": {"name": "Can change payment", "content_type": 16, "codename": "change_payment"}}, {"model": "auth.permission", "pk": 63, "fields": {"name": "Can delete payment", "content_type": 16, "codename": "delete_payment"}}, {"model": "auth.permission", "pk": 64, "fields": {"name": "Can view payment", "content_type": 16, "codename": "view_payment"}}, {"model": "auth.permission", "pk": 65, "fields": {"name": "Can add order product", "content_type": 17, "codename": "add_orderproduct"}}, {"model": "auth.permission", "pk": 66, "fields": {"name": "Can change order product", "content_type": 17, "codename": "change_orderproduct"}}, {"model": "auth.permission", "pk": 67, "fields": {"name": "Can delete order product", "content_type": 17, "codename": "delete_orderproduct"}}, {"model": "auth.permission", "pk": 68, "fields": {"name": "Can view order product", "content_type": 17, "codename": "view_orderproduct"}}, {"model": "auth.permission", "pk": 69, "fields": {"name": "Can add login attempt", "content_type": 18, "codename": "add_loginattempt"}}, {"model": "auth.permission", "pk": 70, "fields": {"name": "Can change login attempt", "content_type": 18, "codename": "change_loginattempt"}}, {"model": "auth.permission", "pk": 71, "fields": {"name": "Can delete login attempt", "content_type": 18, "codename": "delete_loginattempt"}}, {"model": "auth.permission", "pk": 72, "fields": {"name": "Can view login attempt", "content_type": 18, "codename": "view_loginattempt"}}, {"model": "contenttypes.contenttype", "pk": 1, "fields": {"app_label": "admin", "model": "logentry"}}, {"model": "contenttypes.contenttype", "pk": 2, "fields": {"app_label": "auth", "model": "permission"}}, {"model": "contenttypes.contenttype", "pk": 3, "fields": {"app_label": "auth", "model": "group"}}, {"model": "contenttypes.contenttype", "pk": 4, "fields": {"app_label": "contenttypes", "model": "contenttype"}}, {"model": "contenttypes.contenttype", "pk": 5, "fields": {"app_label": "sessions", "model": "session"}}, {"model": "contenttypes.contenttype", "pk": 6, "fields": {"app_label": "category", "model": "category"}}, {"model": "contenttypes.contenttype", "pk": 7, "fields": {"app_label": "accounts", "model": "account"}}, {"model": "contenttypes.contenttype", "pk": 8, "fields": {"app_label": "accounts", "model": "userprofile"}}, {"model": "contenttypes.contenttype", "pk": 9, "fields": {"app_label": "store", "model": "product"}}, {"model": "contenttypes.contenttype", "pk": 10, "fields": {"app_label": "store", "model": "variation"}}, {"model": "contenttypes.contenttype", "pk": 11, "fields": {"app_label": "store", "model": "reviewrating"}}, {"model": "contenttypes.contenttype", "pk": 12, "fields": {"app_label": "store", "model": "productgallery"}}, {"model": "contenttypes.contenttype", "pk": 13, "fields": {"app_label": "carts", "model": "cart"}}, {"model": "contenttypes.contenttype", "pk": 14, "fields": {"app_label": "carts", "model": "cartitem"}}, {"model": "contenttypes.contenttype", "pk": 15, "fields": {"app_label": "orders", "model": "order"}}, {"model": "contenttypes.contenttype", "pk": 16, "fields": {"app_label": "orders", "model": "payment"}}, {"model": "contenttypes.contenttype", "pk": 17, "fields": {"app_label": "orders", "model": "orderproduct"}}, {"model": "contenttypes.contenttype", "pk": 18, "fields": {"app_label": "admin_honeypot", "model": "loginattempt"}}, {"model": "sessions.session", "pk": "48ecnf2w31z1xe80slwh7zs9dstvbjpd", "fields": {"session_data": "eyJfc2Vzc2lvbl9pbml0X3RpbWVzdGFtcF8iOjE2NDY0NzA3MjkuNjAyNTczMn0:1nQQFV:ThmtMPx94DLpY-6dVRnMWQsEjQi0OsRItyX8lLau6_0", "expire_date": "2022-03-19T08:58:49.638Z"}}, {"model": "sessions.session", "pk": "4skhmlcdyum3phdzvazad4gb2ztpfk0w", "fields": {"session_data": "eyJfc2Vzc2lvbl9pbml0X3RpbWVzdGFtcF8iOjE2NDY0MTQ4NDcuNjcxMzI2fQ:1nQBiB:XMup9PQv0KdLPY0xslK-NXgzTU9raUUL7mTgWUxfptM", "expire_date": "2022-03-18T17:27:27.720Z"}}, {"model": "sessions.session", "pk": "7azngfp4yhx6wgiebx8krd4e2q9vmh01", "fields": {"session_data": "eyJfc2Vzc2lvbl9pbml0X3RpbWVzdGFtcF8iOjE2NTQyNTM5ODEuOTE3OTcxfQ:1nx51p:Ja2i_BoBiUJv14OfGhcdOxwAxQGG_8A0P-XOD0-Ymmg", "expire_date": "2022-06-17T10:59:41.949Z"}}, {"model": "sessions.session", "pk": "7yw0h5g6xrae0if6ajr9c2kw95dtd5oi", "fields": {"session_data": "eyJfc2Vzc2lvbl9pbml0X3RpbWVzdGFtcF8iOjE2NDM5MjIwOTEuNTI5Nzg1Mn0:1nFjER:apkIqwi85QZ2K_AOgWbAv1nhdChVyJNXIdUj1Zp69kY", "expire_date": "2022-02-17T21:01:31.563Z"}}, {"model": "sessions.session", "pk": "gnpm15uhrba4ayh7w19zg39fpe43c2yu", "fields": {"session_data": ".eJxVjMsOwiAUBf-FtSE8LtB26d5vIMAFi1owha6M_65Nuun2zMz5ENtia7kWm0vutucltu6WtyUT16DBMKMklYKDuhDrtj7brcXVZiQT4eS0eReesewAH67cKw219DV7uiv0oI3eKsbX9XBPB7Nr879maND7EUfmJWqUIUgBI9dBcxlBK29AsDTAIARoL1IKkBT4kAQm5xSQ7w-h50YV:1nQQFt:0Kko6Cmyyl4saBfYeEzG9mpBApeq9MJSX52ZJJwvpZc", "expire_date": "2022-03-19T08:59:13.349Z"}}, {"model": "sessions.session", "pk": "w8paf9c67ula341uzkoww5wxw8re0vaa", "fields": {"session_data": ".eJxVjMEOwiAQBf-FsyEtLNvSo3e_gQALFrVgCj0Z_12b9NLrm5n3YaaGWlPJJuXUTEtLqM0ub8OmHgEGHCVojnJQ3SguzNitzWarYTWJ2MR6dtqc9c-Qd0APm--F-5LbmhzfFX7Qym-Fwut6uKeD2db5X3c0kHOadOckIUnvpQDdo8deBkDlBhBdHGEUAtCJGD1EBc5HQdFaBez7AxBsRo4:1nJHNl:TAgqknhZlPbb_v7DjW3lRXjIQwFvozFx6US58YFz7kI", "expire_date": "2022-02-27T16:05:49.665Z"}}, {"model": "category.category", "pk": 1, "fields": {"category_name": "Jeans", "slug": "jeans", "description": "Pajamas are forgiving but jeans look good too.", "cat_image": "photos/categories/jeans_gPQqicb.jpg"}}, {"model": "category.category", "pk": 2, "fields": {"category_name": "Shirts", "slug": "shirts", "description": "So its formal wear time!", "cat_image": "photos/categories/shirts_uIzocP8.jpg"}}, {"model": "category.category", "pk": 3, "fields": {"category_name": "T-shirts", "slug": "t-shirts", "description": "So you too prefer T-shirts over shirts?", "cat_image": "photos/categories/tshirts_OHhFJmI.jpg"}}, {"model": "category.category", "pk": 4, "fields": {"category_name": "Jackets", "slug": "jackets", "description": "Cold? But no hero/heroine to offer you their jacket? here buy it yourself.", "cat_image": "photos/categories/jackets_ONaWqYC.jpg"}}, {"model": "category.category", "pk": 5, "fields": {"category_name": "Shoes", "slug": "shoes", "description": "Go you are free to run in them.", "cat_image": "photos/categories/shoes_gTKonot.png"}}, {"model": "accounts.account", "pk": 1, "fields": {"password": "pbkdf2_sha256$320000$rBJ2N7uDi38FGMMpi0wTTS$2+uS16MBCY0zI9+Nx3ONZfVOoGWi4hqq8khurg6A3ds=", "first_name": "Krits", "last_name": "Sharma", "username": "jayatidixit5", "email": "jayatidixit5@gmail.com", "phone_number": "6307854698", "date_joined": "2022-02-01T17:59:08.084Z", "last_login": "2022-03-05T08:58:38.314Z", "is_admin": false, "is_staff": false, "is_active": true, "is_superadmin": false}}, {"model": "accounts.account", "pk": 2, "fields": {"password": "pbkdf2_sha256$320000$szzzz0I7Ywc35N8EtKo8MV$EHRsuhi/vri5nRyjkkgKXGsgNbLly4gruD760lTtIzI=", "first_name": "abc", "last_name": "def", "username": "abc", "email": "abc@gmail.com", "phone_number": "", "date_joined": "2022-02-02T09:54:09.250Z", "last_login": "2022-02-02T11:35:22.163Z", "is_admin": true, "is_staff": true, "is_active": true, "is_superadmin": true}}, {"model": "accounts.account", "pk": 3, "fields": {"password": "pbkdf2_sha256$320000$tYrDonjJlMnP0WD57TUbkC$TWntkeWv02ed7iKR7ZWmO/RH6sXLzSRlQTWX/fFqn6Y=", "first_name": "Jayati", "last_name": "Dixit", "username": "jayatidixit15", "email": "jayatidixit15@gmail.com", "phone_number": "6307854698", "date_joined": "2022-02-02T10:56:07.125Z", "last_login": "2022-02-02T10:56:24.813Z", "is_admin": false, "is_staff": false, "is_active": true, "is_superadmin": false}}, {"model": "accounts.account", "pk": 4, "fields": {"password": "pbkdf2_sha256$320000$mm0QlMJRriSuD058rFBKGk$AUcXa8zYDrfPZEsUtdVZaioZU/c9MmSNz8nA8wirdA4=", "first_name": "krapi", "last_name": "rastogi", "username": "krapirastogi", "email": "krapirastogi@gmail.com", "phone_number": "2434734673", "date_joined": "2022-02-13T16:03:57.371Z", "last_login": "2022-02-13T16:03:57.371Z", "is_admin": false, "is_staff": false, "is_active": false, "is_superadmin": false}}, {"model": "accounts.account", "pk": 5, "fields": {"password": "pbkdf2_sha256$320000$jVVWCGRUhDI3xC5FwpVsE6$n5ylYOv9Ht/JoHcqEKQxOHm8mLL6gCto/kwtTcn9ibM=", "first_name": "jaya", "last_name": "dixit", "username": "jaya", "email": "jayatidixit2002@gmail.com", "phone_number": "", "date_joined": "2022-08-28T14:04:08.084Z", "last_login": "2022-08-28T14:04:08.085Z", "is_admin": true, "is_staff": true, "is_active": true, "is_superadmin": true}}, {"model": "accounts.userprofile", "pk": 1, "fields": {"user": 1, "address_line_1": null, "address_line_2": null, "profile_picture": "userprofile/default-user.png", "city": "", "state": "", "country": ""}}, {"model": "accounts.userprofile", "pk": 2, "fields": {"user": 3, "address_line_1": null, "address_line_2": null, "profile_picture": "default/default-user.png", "city": "", "state": "", "country": ""}}, {"model": "accounts.userprofile", "pk": 3, "fields": {"user": 4, "address_line_1": null, "address_line_2": null, "profile_picture": "default/default-user.png", "city": "", "state": "", "country": ""}}, {"model": "store.product", "pk": 1, "fields": {"product_name": "ATX-Jeans", "slug": "atx-jeans-on", "description": "I know you love pajamas but we have comfortable jeans too.", "price": 1, "images": "photos/products/ATX-Jeans_X6bqC01.jpg", "stock": 194, "is_available": true, "category": 1, "created_date": "2022-02-02T11:14:53.042Z", "modified_date": "2022-03-05T07:05:57.963Z"}}, {"model": "store.product", "pk": 2, "fields": {"product_name": "Blue Shirt", "slug": "blue-shirt-on", "description": "Going for a meeting? What's better than this shirt.It will look good on you", "price": 20, "images": "photos/products/Blue-Shirt_a4uZOS7.jpg", "stock": 0, "is_available": true, "category": 2, "created_date": "2022-02-02T11:16:12.481Z", "modified_date": "2022-02-02T11:16:12.481Z"}}, {"model": "store.product", "pk": 3, "fields": {"product_name": "Great T-shirt", "slug": "great-t-shirt-on", "description": "It's great because we sell it.", "price": 1, "images": "photos/products/Great-Tshirt_hefJwOT.jpg", "stock": 200, "is_available": true, "category": 3, "created_date": "2022-02-02T11:17:07.532Z", "modified_date": "2022-02-02T11:17:07.532Z"}}, {"model": "store.product", "pk": 4, "fields": {"product_name": "Jordan Basketball Shoes", "slug": "jordan-basketball-shoes-on", "description": "They are the best in the town. Please add to cart only if bank balance allows", "price": 29999, "images": "photos/products/jordan-true-flight-basketball-shoes_MvRvxRA.jpg", "stock": 20, "is_available": true, "category": 5, "created_date": "2022-02-02T11:19:06.707Z", "modified_date": "2022-02-02T11:19:06.707Z"}}, {"model": "store.product", "pk": 5, "fields": {"product_name": "Mavi Jeans", "slug": "mavi-jeans-on", "description": "Yeah it's good and comfortable just what you are looking for", "price": 20, "images": "photos/products/Mavi_jeans_91rAabf.jpg", "stock": 22, "is_available": true, "category": 1, "created_date": "2022-02-02T11:20:14.338Z", "modified_date": "2022-02-02T11:20:14.338Z"}}, {"model": "store.product", "pk": 6, "fields": {"product_name": "Puma Ferrari Shoes", "slug": "puma-ferrari-shoes-on", "description": "Shoes are comfortable arent they?", "price": 200, "images": "photos/products/Puma-Ferrari-Shoes_Ic9gWAL.jpg", "stock": 2, "is_available": true, "category": 5, "created_date": "2022-02-02T11:21:24.141Z", "modified_date": "2022-02-02T11:21:24.141Z"}}, {"model": "store.product", "pk": 7, "fields": {"product_name": "US Polo Jacket", "slug": "us-polo-jacket-on", "description": "We cannot change the weather but we sure can provide you with a jacket.", "price": 200, "images": "photos/products/US-Polo-Assn_Jacket_m2WGOGu.jpg", "stock": 100, "is_available": true, "category": 4, "created_date": "2022-02-02T11:23:01.115Z", "modified_date": "2022-02-02T11:23:01.115Z"}}, {"model": "store.product", "pk": 8, "fields": {"product_name": "Wrangler Shirt", "slug": "wrangler-shirt-on", "description": "Just another shirt with more design and a fancy name.", "price": 20, "images": "photos/products/Wrangler-Shirt_D7tend9.jpg", "stock": 100, "is_available": true, "category": 2, "created_date": "2022-02-02T11:24:03.480Z", "modified_date": "2022-02-02T11:24:03.480Z"}}, {"model": "store.variation", "pk": 1, "fields": {"product": 1, "variation_category": "color", "variation_value": "Blue", "is_active": true, "created_date": "2022-02-02T11:26:05.925Z"}}, {"model": "store.variation", "pk": 2, "fields": {"product": 1, "variation_category": "color", "variation_value": "Black", "is_active": true, "created_date": "2022-02-02T11:26:11.669Z"}}, {"model": "store.variation", "pk": 3, "fields": {"product": 1, "variation_category": "color", "variation_value": "Dark Blue", "is_active": true, "created_date": "2022-02-02T11:26:31.209Z"}}, {"model": "store.variation", "pk": 4, "fields": {"product": 1, "variation_category": "size", "variation_value": "Small", "is_active": true, "created_date": "2022-02-02T11:26:38.193Z"}}, {"model": "store.variation", "pk": 5, "fields": {"product": 1, "variation_category": "size", "variation_value": "Medium", "is_active": true, "created_date": "2022-02-02T11:26:47.158Z"}}, {"model": "store.variation", "pk": 6, "fields": {"product": 1, "variation_category": "size", "variation_value": "Large", "is_active": true, "created_date": "2022-02-02T11:26:53.231Z"}}, {"model": "store.variation", "pk": 7, "fields": {"product": 3, "variation_category": "color", "variation_value": "Red", "is_active": true, "created_date": "2022-02-02T11:27:06.600Z"}}, {"model": "store.variation", "pk": 8, "fields": {"product": 3, "variation_category": "color", "variation_value": "Black", "is_active": true, "created_date": "2022-02-02T11:27:16.787Z"}}, {"model": "store.variation", "pk": 9, "fields": {"product": 3, "variation_category": "color", "variation_value": "Orange", "is_active": true, "created_date": "2022-02-02T11:27:31.205Z"}}, {"model": "store.variation", "pk": 10, "fields": {"product": 3, "variation_category": "size", "variation_value": "Small", "is_active": true, "created_date": "2022-02-02T11:27:37.617Z"}}, {"model": "store.variation", "pk": 11, "fields": {"product": 3, "variation_category": "size", "variation_value": "Medium", "is_active": true, "created_date": "2022-02-02T11:27:46.410Z"}}, {"model": "store.variation", "pk": 12, "fields": {"product": 3, "variation_category": "size", "variation_value": "Large", "is_active": true, "created_date": "2022-02-02T11:27:52.549Z"}}, {"model": "store.variation", "pk": 13, "fields": {"product": 4, "variation_category": "color", "variation_value": "Red", "is_active": true, "created_date": "2022-02-02T11:28:03.741Z"}}, {"model": "store.variation", "pk": 14, "fields": {"product": 4, "variation_category": "size", "variation_value": "medium", "is_active": true, "created_date": "2022-02-02T11:28:12.958Z"}}, {"model": "store.variation", "pk": 15, "fields": {"product": 5, "variation_category": "color", "variation_value": "Black", "is_active": true, "created_date": "2022-02-02T11:28:21.449Z"}}, {"model": "store.variation", "pk": 16, "fields": {"product": 5, "variation_category": "size", "variation_value": "Medium", "is_active": true, "created_date": "2022-02-02T11:28:34.567Z"}}, {"model": "store.variation", "pk": 17, "fields": {"product": 6, "variation_category": "color", "variation_value": "Blue", "is_active": true, "created_date": "2022-02-02T11:28:45.604Z"}}, {"model": "store.variation", "pk": 18, "fields": {"product": 6, "variation_category": "size", "variation_value": "Large", "is_active": true, "created_date": "2022-02-02T11:28:54.952Z"}}, {"model": "store.variation", "pk": 19, "fields": {"product": 7, "variation_category": "color", "variation_value": "Black", "is_active": true, "created_date": "2022-02-02T11:29:02.336Z"}}, {"model": "store.variation", "pk": 20, "fields": {"product": 7, "variation_category": "color", "variation_value": "Blue", "is_active": true, "created_date": "2022-02-02T11:29:08.802Z"}}, {"model": "store.variation", "pk": 21, "fields": {"product": 7, "variation_category": "size", "variation_value": "Small", "is_active": true, "created_date": "2022-02-02T11:29:15.939Z"}}, {"model": "store.variation", "pk": 22, "fields": {"product": 7, "variation_category": "size", "variation_value": "Medium", "is_active": true, "created_date": "2022-02-02T11:29:24.093Z"}}, {"model": "store.variation", "pk": 23, "fields": {"product": 8, "variation_category": "color", "variation_value": "Brown", "is_active": true, "created_date": "2022-02-02T11:29:31.366Z"}}, {"model": "store.variation", "pk": 24, "fields": {"product": 8, "variation_category": "size", "variation_value": "Medium", "is_active": true, "created_date": "2022-02-02T11:29:41.705Z"}}, {"model": "store.reviewrating", "pk": 1, "fields": {"product": 1, "user": 1, "subject": "Test review", "review": "It is great will highly recommend it!", "rating": 4.0, "ip": "127.0.0.1", "status": true, "created_date": "2022-02-02T11:34:46.304Z", "updated_date": "2022-02-02T11:34:46.304Z"}}, {"model": "store.reviewrating", "pk": 2, "fields": {"product": 2, "user": 3, "subject": "Product Review", "review": "Nice", "rating": 2.5, "ip": "127.0.0.1", "status": true, "created_date": "2022-02-02T11:36:21.394Z", "updated_date": "2022-02-02T11:36:21.394Z"}}, {"model": "store.reviewrating", "pk": 3, "fields": {"product": 3, "user": 3, "subject": "new order", "review": "Good", "rating": 3.5, "ip": "127.0.0.1", "status": true, "created_date": "2022-02-02T11:37:14.598Z", "updated_date": "2022-02-02T11:37:14.598Z"}}, {"model": "store.productgallery", "pk": 1, "fields": {"product": 1, "image": "store/products/image1_ePJGeOL.jpg"}}, {"model": "store.productgallery", "pk": 2, "fields": {"product": 1, "image": "store/products/image2_Qo1KIkG.jpg"}}, {"model": "store.productgallery", "pk": 3, "fields": {"product": 1, "image": "store/products/image13_b1HdeSa.jpg"}}, {"model": "carts.cartitem", "pk": 1, "fields": {"user": 2, "product": 1, "cart": null, "quantity": 2, "is_active": true, "variations": [1, 4]}}, {"model": "orders.payment", "pk": 1, "fields": {"user": 1, "payment_id": "1TE471874E3449107", "payment_method": "PayPal", "amount_paid": "2.04", "status": "COMPLETED", "created_at": "2022-02-02T11:33:53.319Z"}}, {"model": "orders.payment", "pk": 2, "fields": {"user": 1, "payment_id": "54A33566HN445524J", "payment_method": "PayPal", "amount_paid": "3.06", "status": "COMPLETED", "created_at": "2022-02-03T18:54:43.897Z"}}, {"model": "orders.payment", "pk": 3, "fields": {"user": 1, "payment_id": "2X9599962X802433P", "payment_method": "PayPal", "amount_paid": "1.02", "status": "COMPLETED", "created_at": "2022-03-05T07:05:57.945Z"}}, {"model": "orders.order", "pk": 1, "fields": {"user": 1, "payment": 1, "order_number": "202202021", "first_name": "Krits", "last_name": "Sharma", "phone": "6307854698", "email": "jayatidixit5@gmail.com", "address_line_1": "basant lane", "address_line_2": "", "country": "India", "state": "Uttar Pradesh", "city": "Noida", "order_note": "test order", "order_total": 2.04, "tax": 0.04, "status": "New", "ip": "127.0.0.1", "is_ordered": true, "created_at": "2022-02-02T11:33:35.185Z", "updated_at": "2022-02-02T11:33:53.323Z"}}, {"model": "orders.order", "pk": 2, "fields": {"user": 1, "payment": 2, "order_number": "202202032", "first_name": "krits", "last_name": "sharma", "phone": "6307854697", "email": "jayatidixit5@gmail.com", "address_line_1": "ngcg", "address_line_2": "bn n", "country": "gvhbjn", "state": "dghbj", "city": "jghvjbkn,", "order_note": "cgbvnbm", "order_total": 3.06, "tax": 0.06, "status": "New", "ip": "127.0.0.1", "is_ordered": true, "created_at": "2022-02-03T18:54:18.394Z", "updated_at": "2022-02-03T18:54:43.900Z"}}, {"model": "orders.order", "pk": 3, "fields": {"user": 1, "payment": 3, "order_number": "202203053", "first_name": "jaya", "last_name": "dicj", "phone": "1234567890", "email": "jayatidixit5@gmail.com", "address_line_1": "fvrce", "address_line_2": "dwefrg", "country": "dwefgr", "state": "wdefgr", "city": "dwefrg", "order_note": "", "order_total": 1.02, "tax": 0.02, "status": "New", "ip": "127.0.0.1", "is_ordered": true, "created_at": "2022-03-05T07:05:35.124Z", "updated_at": "2022-03-05T07:05:57.948Z"}}, {"model": "orders.orderproduct", "pk": 1, "fields": {"order": 1, "payment": 1, "user": 1, "product": 1, "quantity": 1, "product_price": 1.0, "ordered": true, "created_at": "2022-02-02T11:33:53.331Z", "updated_at": "2022-02-02T11:33:53.344Z", "variations": [1, 4]}}, {"model": "orders.orderproduct", "pk": 2, "fields": {"order": 1, "payment": 1, "user": 1, "product": 1, "quantity": 1, "product_price": 1.0, "ordered": true, "created_at": "2022-02-02T11:33:53.349Z", "updated_at": "2022-02-02T11:33:53.355Z", "variations": [2, 5]}}, {"model": "orders.orderproduct", "pk": 3, "fields": {"order": 2, "payment": 2, "user": 1, "product": 1, "quantity": 3, "product_price": 1.0, "ordered": true, "created_at": "2022-02-03T18:54:43.908Z", "updated_at": "2022-02-03T18:54:43.920Z", "variations": [1, 4]}}, {"model": "orders.orderproduct", "pk": 4, "fields": {"order": 3, "payment": 3, "user": 1, "product": 1, "quantity": 1, "product_price": 1.0, "ordered": true, "created_at": "2022-03-05T07:05:57.954Z", "updated_at": "2022-03-05T07:05:57.961Z", "variations": [1, 4]}}, {"model": "admin_honeypot.loginattempt", "pk": 1, "fields": {"username": "abc@gmail.com", "ip_address": "127.0.0.1", "session_key": "cvjsrsuh14b1c0v1l46unogilny8g28y", "user_agent": "Mozilla/5.0 (Macintosh; Intel Mac OS X 10_15_7) AppleWebKit/605.1.15 (KHTML, like Gecko) Version/15.1 Safari/605.1.15", "timestamp": "2022-02-02T09:53:00.765Z", "path": "/admin/login/?next=/admin/"}}, {"model": "admin_honeypot.loginattempt", "pk": 2, "fields": {"username": "abc@gmail.com", "ip_address": "127.0.0.1", "session_key": "t6sf868cw90gd3ctxxhkf6t6w9pjhixm", "user_agent": "Mozilla/5.0 (Macintosh; Intel Mac OS X 10_15_7) AppleWebKit/605.1.15 (KHTML, like Gecko) Version/15.1 Safari/605.1.15", "timestamp": "2022-02-02T09:54:47.654Z", "path": "/admin/login/?next=/admin/"}}]